[
  { "fields" : { "date_joined" : "2012-08-30T10:03:43.125Z",
        "email" : "me@home.com",
        "first_name" : "",
        "groups" : [  ],
        "is_active" : true,
        "is_staff" : true,
        "is_superuser" : false,
        "last_login" : "2012-08-30T10:03:43.125Z",
        "last_name" : "",
        "password" : "pbkdf2_sha256$10000$nBMqKauQl6Ok$f/NVu8W802SeYLKv848ZThzAxV/eE5bXiob3oAce8n8=",
        "user_permissions" : [  ],
        "username" : "test_user"
      },
    "model" : "auth.user",
    "pk" : 2
  },
  {
    "pk": 1, 
    "model": "applicationform.fullapplicationchecklistlink", 
    "fields": {
      "included_group": 6, 
      "checklist_question": 2, 
      "order": 1
    }
  }, 
  {
    "pk": 2, 
    "model": "applicationform.fullapplicationchecklistlink", 
    "fields": {
      "included_group": 7, 
      "checklist_question": 2, 
      "order": 2
    }
  }, 
  {
    "pk": 3, 
    "model": "applicationform.fullapplicationchecklistlink", 
    "fields": {
      "included_group": 7, 
      "checklist_question": 3, 
      "order": 1
    }
  }, 
  {
    "pk": 4, 
    "model": "applicationform.fullapplicationchecklistlink", 
    "fields": {
      "included_group": 8, 
      "checklist_question": 4, 
      "order": 1
    }
  }, 
  {
    "pk": 5, 
    "model": "applicationform.fullapplicationchecklistlink", 
    "fields": {
      "included_group": 9, 
      "checklist_question": 1, 
      "order": 1
    }
  }, 
  {
    "pk": 6, 
    "model": "questionnaire.questiongroup", 
    "fields": {
      "name": "included 1"
    }
  }, 
  {
    "pk": 7, 
    "model": "questionnaire.questiongroup", 
    "fields": {
      "name": "included 2"
    }
  }, 
  {
    "pk": 8, 
    "model": "questionnaire.questiongroup", 
    "fields": {
      "name": "included 3"
    }
  },
  {
    "pk": 9, 
    "model": "questionnaire.questiongroup", 
    "fields": {
      "name": "included 4"
    }
  },
  {
    "pk": 2, 
    "model": "questionnaire.questionnaire", 
    "fields": {
      "name": "Checklist for application id: 1"
    }
  }, 
  {
    "pk": 1, 
    "model": "questionnaire.questiongroup_order", 
    "fields": {
      "questiongroup": 1, 
      "questionnaire": 2, 
      "order_info": 1
    }
  }, 
  
  {
    "pk": 21, 
    "model": "questionnaire.question_order", 
    "fields": {
      "questiongroup": 6, 
      "question": 8, 
      "order_info": 1
    }
  }, 
  {
    "pk": 22, 
    "model": "questionnaire.question_order", 
    "fields": {
      "questiongroup": 7, 
      "question": 8, 
      "order_info": 1
    }
  }, 
  {
    "pk": 23, 
    "model": "questionnaire.question_order", 
    "fields": {
      "questiongroup": 8, 
      "question": 2, 
      "order_info": 1
    }
  }, 
  {
    "pk": 1, 
    "model": "questionnaire.answerset", 
    "fields": {
      "questiongroup": 1, 
      "questionnaire": 2, 
      "user": 2
    }
  }, 
  {
    "pk": 1, 
    "model": "questionnaire.questionanswer", 
    "fields": {
      "answer": "0", 
      "question": 11, 
      "answer_set": 1, 
      "created": "2012-09-20T14:17:55.302Z"
    }
  }, 
  {
    "pk": 2, 
    "model": "questionnaire.questionanswer", 
    "fields": {
      "answer": "0", 
      "question": 10, 
      "answer_set": 1, 
      "created": "2012-09-20T14:17:55.308Z"
    }
  }, 
  {
    "pk": 3, 
    "model": "questionnaire.questionanswer", 
    "fields": {
      "answer": "0", 
      "question": 12, 
      "answer_set": 1, 
      "created": "2012-09-20T14:17:55.315Z"
    }
  }, 
  {
    "pk": 4, 
    "model": "questionnaire.questionanswer", 
    "fields": {
      "answer": "0", 
      "question": 1, 
      "answer_set": 1, 
      "created": "2012-09-20T14:17:55.320Z"
    }
  }, 
  {
    "pk": 5, 
    "model": "questionnaire.questionanswer", 
    "fields": {
      "answer": "1", 
      "question": 3, 
      "answer_set": 1, 
      "created": "2012-09-20T14:17:55.327Z"
    }
  }, 
  {
    "pk": 6, 
    "model": "questionnaire.questionanswer", 
    "fields": {
      "answer": "1", 
      "question": 2, 
      "answer_set": 1, 
      "created": "2012-09-20T14:17:55.332Z"
    }
  }, 
  {
    "pk": 7, 
    "model": "questionnaire.questionanswer", 
    "fields": {
      "answer": "0", 
      "question": 5, 
      "answer_set": 1, 
      "created": "2012-09-20T14:17:55.338Z"
    }
  }, 
  {
    "pk": 8, 
    "model": "questionnaire.questionanswer", 
    "fields": {
      "answer": "1", 
      "question": 4, 
      "answer_set": 1, 
      "created": "2012-09-20T14:17:55.343Z"
    }
  }, 
  {
    "pk": 9, 
    "model": "questionnaire.questionanswer", 
    "fields": {
      "answer": "0", 
      "question": 7, 
      "answer_set": 1, 
      "created": "2012-09-20T14:17:55.348Z"
    }
  }, 
  {
    "pk": 10, 
    "model": "questionnaire.questionanswer", 
    "fields": {
      "answer": "0", 
      "question": 6, 
      "answer_set": 1, 
      "created": "2012-09-20T14:17:55.354Z"
    }
  }, 
  {
    "pk": 11, 
    "model": "questionnaire.questionanswer", 
    "fields": {
      "answer": "0", 
      "question": 9, 
      "answer_set": 1, 
      "created": "2012-09-20T14:17:55.360Z"
    }
  }, 
  {
    "pk": 12, 
    "model": "questionnaire.questionanswer", 
    "fields": {
      "answer": "0", 
      "question": 8, 
      "answer_set": 1, 
      "created": "2012-09-20T14:17:55.366Z"
    }
  }, 
  {
    "pk": 1, 
    "model": "questionnaire.latestquestionanswer", 
    "fields": {
      "question": 11, 
      "answer_set": 1, 
      "question_answer": 1, 
      "created": "2012-09-20T14:17:55.305Z"
    }
  }, 
  {
    "pk": 2, 
    "model": "questionnaire.latestquestionanswer", 
    "fields": {
      "question": 10, 
      "answer_set": 1, 
      "question_answer": 2, 
      "created": "2012-09-20T14:17:55.310Z"
    }
  }, 
  {
    "pk": 3, 
    "model": "questionnaire.latestquestionanswer", 
    "fields": {
      "question": 12, 
      "answer_set": 1, 
      "question_answer": 3, 
      "created": "2012-09-20T14:17:55.317Z"
    }
  }, 
  {
    "pk": 4, 
    "model": "questionnaire.latestquestionanswer", 
    "fields": {
      "question": 1, 
      "answer_set": 1, 
      "question_answer": 4, 
      "created": "2012-09-20T14:17:55.324Z"
    }
  }, 
  {
    "pk": 5, 
    "model": "questionnaire.latestquestionanswer", 
    "fields": {
      "question": 3, 
      "answer_set": 1, 
      "question_answer": 5, 
      "created": "2012-09-20T14:17:55.330Z"
    }
  }, 
  {
    "pk": 6, 
    "model": "questionnaire.latestquestionanswer", 
    "fields": {
      "question": 2, 
      "answer_set": 1, 
      "question_answer": 6, 
      "created": "2012-09-20T14:17:55.335Z"
    }
  }, 
  {
    "pk": 7, 
    "model": "questionnaire.latestquestionanswer", 
    "fields": {
      "question": 5, 
      "answer_set": 1, 
      "question_answer": 7, 
      "created": "2012-09-20T14:17:55.341Z"
    }
  }, 
  {
    "pk": 8, 
    "model": "questionnaire.latestquestionanswer", 
    "fields": {
      "question": 4, 
      "answer_set": 1, 
      "question_answer": 8, 
      "created": "2012-09-20T14:17:55.346Z"
    }
  }, 
  {
    "pk": 9, 
    "model": "questionnaire.latestquestionanswer", 
    "fields": {
      "question": 7, 
      "answer_set": 1, 
      "question_answer": 9, 
      "created": "2012-09-20T14:17:55.351Z"
    }
  }, 
  {
    "pk": 10, 
    "model": "questionnaire.latestquestionanswer", 
    "fields": {
      "question": 6, 
      "answer_set": 1, 
      "question_answer": 10, 
      "created": "2012-09-20T14:17:55.357Z"
    }
  }, 
  {
    "pk": 11, 
    "model": "questionnaire.latestquestionanswer", 
    "fields": {
      "question": 9, 
      "answer_set": 1, 
      "question_answer": 11, 
      "created": "2012-09-20T14:17:55.363Z"
    }
  }, 
  {
    "pk": 12, 
    "model": "questionnaire.latestquestionanswer", 
    "fields": {
      "question": 8, 
      "answer_set": 1, 
      "question_answer": 12, 
      "created": "2012-09-20T14:17:55.368Z"
    }
  }, 
  {
    "pk": 1, 
    "model": "ethicsapplication.ethicsapplication", 
    "fields": {
      "active": true, 
      "checklist": 2, 
      "principle_investigator": 2, 
      "application_form": null, 
      "title": "test application"
    }
  }
]