[ 
  { "fields" : { "field_type" : "textfield",
        "label" : "Please describe the aims of the study as you wish them to appear on the information sheet and debriefing form using language that can easily be understood without prior knowledge of psychology. ",
        "selectoptions" : null
      },
    "model" : "questionnaire.question",
    "pk" : 13
  },
  { "fields" : { "field_type" : "textfield",
        "label" : "Participants can take part in this study if they are:",
        "selectoptions" : null
      },
    "model" : "questionnaire.question",
    "pk" : 14
  },
  { "fields" : { "field_type" : "textfield",
        "label" : "Participants cannot take part in this study if they are:",
        "selectoptions" : null
      },
    "model" : "questionnaire.question",
    "pk" : 15
  },
  { "fields" : { "field_type" : "radioselectfield",
        "label" : "Prior informed consent is to be obtained:",
        "selectoptions" : "[u'From participants', u'From others', u'From both participants and others', u'Prior informed consent is not going to be obtained']"
      },
    "model" : "questionnaire.question",
    "pk" : 16
  },
  { "fields" : { "field_type" : "textfield",
        "label" : "Describe the means of obtaining prior consent, or if prior informed consent is not to be obtained, give reasons for this:",
        "selectoptions" : null
      },
    "model" : "questionnaire.question",
    "pk" : 17
  },
  { "fields" : { "field_type" : "radioselectfield",
        "label" : "Participants will be debriefed:",
        "selectoptions" : "[u'In writing', u'Verbally', u'In writing and verbally', u'Participants will not be debriefed']"
      },
    "model" : "questionnaire.question",
    "pk" : 18
  },
  { "fields" : { "field_type" : "textfield",
        "label" : "Please write a debriefing in the box below as you would like it to appear on your debriefing sheet, or If they will not be debriefed in writing, give reasons for this. Use language that a non-psychologist will be able to understand.",
        "selectoptions" : null
      },
    "model" : "questionnaire.question",
    "pk" : 19
  },
  { "fields" : { "field_type" : "multiplechoicefield",
        "label" : "For a normal study you must tick seven of the options below, if you are ticking less than 7 please explain why the unticked option applies to your study in the box below.",
        "selectoptions" : "[u\"Participation in this study guarantees confidentiality of participants' information\", u'No one apart from the researcher and research supervisor will have any access to the data.', u'Either: Participants will not be asked to write their name on the study materials. Instead we will ask them to create a unique participant identification number.', u\"Or: Participants' names and any other identifying information will be stored separately from their data in a secure location.\", u'Questionnaires will be stored in a securely locked room for as long as is required by the Data Protection Act', u' and then they will be destroyed by our confidential shredding service.', u'Either: The data collected for this study will be used for a student project.', u'Or: The data collected for this study will form part of a staff project.', u'Once the data is analysed a report of the findings may be submitted for publication. Only broad trends will be reported and it will not be possible to identify any individuals.', u'A summary of the results will be available from the researcher on request.']"
      },
    "model" : "questionnaire.question",
    "pk" : 20
  },
  { "fields" : { "name" : "Study Description" },
    "model" : "questionnaire.questiongroup",
    "pk" : 2
  },
  { "fields" : { "name" : "Consent Arrangements" },
    "model" : "questionnaire.questiongroup",
    "pk" : 3
  },
  { "fields" : { "name" : "Debrief Arrangements" },
    "model" : "questionnaire.questiongroup",
    "pk" : 4
  },
  { "fields" : { "name" : "Confidentiality" },
    "model" : "questionnaire.questiongroup",
    "pk" : 5
  },
  { "fields" : { "order_info" : 1,
        "question" : 13,
        "questiongroup" : 2
      },
    "model" : "questionnaire.question_order",
    "pk" : 13
  },
  { "fields" : { "order_info" : 2,
        "question" : 14,
        "questiongroup" : 2
      },
    "model" : "questionnaire.question_order",
    "pk" : 14
  },
  { "fields" : { "order_info" : 3,
        "question" : 15,
        "questiongroup" : 2
      },
    "model" : "questionnaire.question_order",
    "pk" : 15
  },
  { "fields" : { "order_info" : 1,
        "question" : 16,
        "questiongroup" : 3
      },
    "model" : "questionnaire.question_order",
    "pk" : 16
  },
  { "fields" : { "order_info" : 2,
        "question" : 17,
        "questiongroup" : 3
      },
    "model" : "questionnaire.question_order",
    "pk" : 17
  },
  { "fields" : { "order_info" : 1,
        "question" : 18,
        "questiongroup" : 4
      },
    "model" : "questionnaire.question_order",
    "pk" : 18
  },
  { "fields" : { "order_info" : 2,
        "question" : 19,
        "questiongroup" : 4
      },
    "model" : "questionnaire.question_order",
    "pk" : 19
  },
  { "fields" : { "order_info" : 1,
        "question" : 20,
        "questiongroup" : 5
      },
    "model" : "questionnaire.question_order",
    "pk" : 20
  },
  {
    "pk": 1, 
    "model": "applicationform.fullapplicationchecklistlink", 
    "fields": {
      "included_group": 6, 
      "checklist_question": 1, 
      "order": 1
    }
  }, 
  {
    "pk": 2, 
    "model": "applicationform.fullapplicationchecklistlink", 
    "fields": {
      "included_group": 7, 
      "checklist_question": 1, 
      "order": 2
    }
  }, 
  {
    "pk": 3, 
    "model": "applicationform.fullapplicationchecklistlink", 
    "fields": {
      "included_group": 8, 
      "checklist_question": 1, 
      "order": 3
    }
  }, 
  
  {
    "pk": 4, 
    "model": "applicationform.fullapplicationchecklistlink", 
    "fields": {
      "included_group": 6, 
      "checklist_question": 2, 
      "order": 1
    }
  }, 
  {
    "pk": 5, 
    "model": "applicationform.fullapplicationchecklistlink", 
    "fields": {
      "included_group": 7, 
      "checklist_question": 2, 
      "order": 2
    }
  }, 
  {
    "pk": 6, 
    "model": "applicationform.fullapplicationchecklistlink", 
    "fields": {
      "included_group": 8, 
      "checklist_question": 2, 
      "order": 3
    }
  }, 
  
  {
    "pk": 7, 
    "model": "applicationform.fullapplicationchecklistlink", 
    "fields": {
      "included_group": 6, 
      "checklist_question": 3, 
      "order": 1
    }
  }, 
  {
    "pk": 8, 
    "model": "applicationform.fullapplicationchecklistlink", 
    "fields": {
      "included_group": 7, 
      "checklist_question": 3, 
      "order": 2
    }
  }, 
  {
    "pk": 9, 
    "model": "applicationform.fullapplicationchecklistlink", 
    "fields": {
      "included_group": 8, 
      "checklist_question": 3, 
      "order": 3
    }
  }, 
  
  {
    "pk": 10, 
    "model": "applicationform.fullapplicationchecklistlink", 
    "fields": {
      "included_group": 6, 
      "checklist_question": 4, 
      "order": 1
    }
  }, 
  {
    "pk": 11, 
    "model": "applicationform.fullapplicationchecklistlink", 
    "fields": {
      "included_group": 7, 
      "checklist_question": 4, 
      "order": 2
    }
  }, 
  {
    "pk": 12, 
    "model": "applicationform.fullapplicationchecklistlink", 
    "fields": {
      "included_group": 8, 
      "checklist_question": 4, 
      "order": 3
    }
  }, 
  
  {
    "pk": 13, 
    "model": "applicationform.fullapplicationchecklistlink", 
    "fields": {
      "included_group": 6, 
      "checklist_question": 5, 
      "order": 1
    }
  }, 
  {
    "pk": 14, 
    "model": "applicationform.fullapplicationchecklistlink", 
    "fields": {
      "included_group": 7, 
      "checklist_question": 5, 
      "order": 2
    }
  }, 
  {
    "pk": 15, 
    "model": "applicationform.fullapplicationchecklistlink", 
    "fields": {
      "included_group": 8, 
      "checklist_question": 5, 
      "order": 3
    }
  }, 
  
  {
    "pk": 16, 
    "model": "applicationform.fullapplicationchecklistlink", 
    "fields": {
      "included_group": 6, 
      "checklist_question": 6, 
      "order": 1
    }
  }, 
  {
    "pk": 17, 
    "model": "applicationform.fullapplicationchecklistlink", 
    "fields": {
      "included_group": 7, 
      "checklist_question": 6, 
      "order": 2
    }
  }, 
  {
    "pk": 18, 
    "model": "applicationform.fullapplicationchecklistlink", 
    "fields": {
      "included_group": 8, 
      "checklist_question": 6, 
      "order": 3
    }
  }, 
  
  {
    "pk": 19, 
    "model": "applicationform.fullapplicationchecklistlink", 
    "fields": {
      "included_group": 6, 
      "checklist_question": 7, 
      "order": 1
    }
  }, 
  {
    "pk": 20, 
    "model": "applicationform.fullapplicationchecklistlink", 
    "fields": {
      "included_group": 7, 
      "checklist_question": 7, 
      "order": 2
    }
  }, 
  {
    "pk": 21, 
    "model": "applicationform.fullapplicationchecklistlink", 
    "fields": {
      "included_group": 8, 
      "checklist_question": 7, 
      "order": 3
    }
  }, 
  
  {
    "pk": 22, 
    "model": "applicationform.fullapplicationchecklistlink", 
    "fields": {
      "included_group": 6, 
      "checklist_question": 8, 
      "order": 1
    }
  }, 
  {
    "pk": 23, 
    "model": "applicationform.fullapplicationchecklistlink", 
    "fields": {
      "included_group": 7, 
      "checklist_question": 8, 
      "order": 2
    }
  }, 
  {
    "pk": 24, 
    "model": "applicationform.fullapplicationchecklistlink", 
    "fields": {
      "included_group": 8, 
      "checklist_question": 8, 
      "order": 3
    }
  }, 
  
  {
    "pk": 25, 
    "model": "applicationform.fullapplicationchecklistlink", 
    "fields": {
      "included_group": 6, 
      "checklist_question": 9, 
      "order": 1
    }
  }, 
  {
    "pk": 26, 
    "model": "applicationform.fullapplicationchecklistlink", 
    "fields": {
      "included_group": 7, 
      "checklist_question": 9, 
      "order": 2
    }
  }, 
  {
    "pk": 27, 
    "model": "applicationform.fullapplicationchecklistlink", 
    "fields": {
      "included_group": 8, 
      "checklist_question": 9, 
      "order": 3
    }
  }, 
  
  {
    "pk": 28, 
    "model": "applicationform.fullapplicationchecklistlink", 
    "fields": {
      "included_group": 6, 
      "checklist_question": 10, 
      "order": 1
    }
  }, 
  {
    "pk": 29, 
    "model": "applicationform.fullapplicationchecklistlink", 
    "fields": {
      "included_group": 7, 
      "checklist_question": 10, 
      "order": 2
    }
  }, 
  {
    "pk": 30, 
    "model": "applicationform.fullapplicationchecklistlink", 
    "fields": {
      "included_group": 8, 
      "checklist_question": 10, 
      "order": 3
    }
  }, 
  
  {
    "pk": 31, 
    "model": "applicationform.fullapplicationchecklistlink", 
    "fields": {
      "included_group": 6, 
      "checklist_question": 11, 
      "order": 1
    }
  }, 
  {
    "pk": 32, 
    "model": "applicationform.fullapplicationchecklistlink", 
    "fields": {
      "included_group": 7, 
      "checklist_question": 11, 
      "order": 2
    }
  }, 
  {
    "pk": 33, 
    "model": "applicationform.fullapplicationchecklistlink", 
    "fields": {
      "included_group": 8, 
      "checklist_question": 11, 
      "order": 3
    }
  }, 
  
  {
    "pk": 34, 
    "model": "applicationform.fullapplicationchecklistlink", 
    "fields": {
      "included_group": 6, 
      "checklist_question": 12, 
      "order": 1
    }
  }, 
  {
    "pk": 35, 
    "model": "applicationform.fullapplicationchecklistlink", 
    "fields": {
      "included_group": 7, 
      "checklist_question": 12, 
      "order": 2
    }
  }, 
  {
    "pk": 36, 
    "model": "applicationform.fullapplicationchecklistlink", 
    "fields": {
      "included_group": 8, 
      "checklist_question": 12, 
      "order": 3
    }
  }, 
  
  {
    "pk": 21, 
    "model": "questionnaire.question", 
    "fields": {
      "field_type": "booleanfield", 
      "selectoptions": null, 
      "label": "Are the participants at risk of physical or psychological harm greater than encountered in ordinary life?"
    }
  }, 
  {
    "pk": 22, 
    "model": "questionnaire.question", 
    "fields": {
      "field_type": "textfield", 
      "selectoptions": null, 
      "label": "If yes, Describe the nature of the risk and steps taken to minimise it:"
    }
  }, 
  {
    "pk": 23, 
    "model": "questionnaire.question", 
    "fields": {
      "field_type": "booleanfield", 
      "selectoptions": null, 
      "label": "Is the information gathered from the participants of a sensitive or personal nature"
    }
  }, 
  {
    "pk": 24, 
    "model": "questionnaire.question", 
    "fields": {
      "field_type": "textfield", 
      "selectoptions": null, 
      "label": "If yes, Describe the procedures to be used for assuring confidentiality and protecting participants from stress:"
    }
  }, 
  {
    "pk": 25, 
    "model": "questionnaire.question", 
    "fields": {
      "field_type": "textfield", 
      "selectoptions": null, 
      "label": "If observational research is to be conducted without prior consent, please describe the situations in which observations will take place and say how local cultural values and privacy of individuals will be taken into account."
    }
  },
  {
    "pk": 6, 
    "model": "questionnaire.questiongroup", 
    "fields": {
      "name": "Protection of Participants"
    }
  }, 
  {
    "pk": 7, 
    "model": "questionnaire.questiongroup", 
    "fields": {
      "name": "Nature of information being gathered"
    }
  }, 
  {
    "pk": 8, 
    "model": "questionnaire.questiongroup", 
    "fields": {
      "name": "Observational Research"
    }
  },
  {
    "pk": 21, 
    "model": "questionnaire.question_order", 
    "fields": {
      "questiongroup": 6, 
      "question": 21, 
      "order_info": 1
    }
  }, 
  {
    "pk": 22, 
    "model": "questionnaire.question_order", 
    "fields": {
      "questiongroup": 6, 
      "question": 22, 
      "order_info": 2
    }
  }, 
  {
    "pk": 23, 
    "model": "questionnaire.question_order", 
    "fields": {
      "questiongroup": 7, 
      "question": 23, 
      "order_info": 1
    }
  }, 
  {
    "pk": 24, 
    "model": "questionnaire.question_order", 
    "fields": {
      "questiongroup": 7, 
      "question": 24, 
      "order_info": 2
    }
  }, 
  {
    "pk": 25, 
    "model": "questionnaire.question_order", 
    "fields": {
      "questiongroup": 8, 
      "question": 25, 
      "order_info": 1
    }
  }
]